Artist,Track,Title,Position,Pitch,Notes
Charley Patton,1,Pony Blues,E,F,
Charley Patton,2,Spoonful Blues,Vestapol,E,
Charley Patton,3,Down the Dirt Road Blues,C,C#,
Charley Patton,4,Prayer of Death Part 1,Spanish,A,
Charley Patton,5,Prayer of Death Part 2,Spanish,A,
Charley Patton,6,Screamin' and Hollerin' the Blues,Spanish,A,
Charley Patton,7,Banty Rooster Blues,Spanish,Bb,
Charley Patton,8,Tom Rushen Blues,Spanish,A,
Charley Patton,9,It Won't Be Long,Spanish,A,
Charley Patton,10,Shake It and Break It,F,F,
Charley Patton,11,Pea Vine Blues,Spanish,A,
Charley Patton,12,Mississippi Boll Weevil Blues,Spanish,B -,
Charley Patton,13,"Lord, I'm Discouraged",Spanish,A,
Charley Patton,14,I'm Goin' Home,Spanish,A,
Charley Patton,15,Hammer Blues Take 1,Spanish,B,
Charley Patton,16,I Shall Not Be Moved,Spanish,B,
Charley Patton,17,High Water Everywhere Part 1,Spanish,B,
Charley Patton,18,High Water Everywhere Part 2,Spanish,B,
Charley Patton,19,I Shall Not Be Moved,Spanish,B,
Charley Patton,20,Rattlesnake Blues,E,F#,
Charley Patton,21,Going to Move to Alabama,E,F,
Charley Patton,22,Hammer Blues Take 2,Spanish,B,
Charley Patton,23,Joe Kirby,E,G,
Charley Patton,24,Frankie and Albert,E,F#,
Charley Patton,25,Devil Sent the Rain Blues,A,A#,
Charley Patton,26,Magnolia Blues,Spanish,B,
Charley Patton,27,Runnin' Wild Blues,E,F#,
Charley Patton,28,Some Happy Day,Spanish,B,
Charley Patton,29,Mean Black Moan,E,F#,
Charley Patton,30,Green River Blues,E,F#,
Charley Patton,31,Some of These Days I'll Be Gone,E,F#,
Charley Patton,32,Elder Green Blues Take 2,E,F,
Charley Patton,33,Jim Lee Part 1,E,F#,
Charley Patton,34,Jim Lee Part 2,E,F#,
Charley Patton,35,Mean Black Cat Blues,E,F#,
Charley Patton,36,Jesus Is a Dying-Bed Maker,Spanish,B,
Charley Patton,37,Elder Green Blues Take 2,E,F,
Charley Patton,38,When Your Way Gets Dark,Spanish,B -,
Charley Patton,39,Some of These Days I'll Be Gone Take 2,E,F# +,
Charley Patton,40,Heart Like Railroad Steel,Spanish,C,
Charley Patton,41,Circle Round the Moon,E,F,
Charley Patton,42,You're Gonna Need Somebody When You Die,Spanish,B,
Charley Patton,43,Some Summer Day,Spanish,Bb,2Nd Gtr Position: A
Charley Patton,44,Bird Nest Bound,Spanish,Bb,2Nd Gtr Position: A
Charley Patton,45,Dry Well Blues,E,F,2Nd Gtr Position: E
Charley Patton,46,Moon Going Down,Spanish,Bb,2Nd Gtr Position: A
Charley Patton,47,High Sheriff Blues,Spanish,Bb,
Charley Patton,48,Stone Pony Blues,E,F,
Charley Patton,49,Jersey Bull Blues,Spanish,Bb,
Charley Patton,50,Hang It on the Wall,F,G,
Charley Patton,51,34 Blues,C,D -,
Charley Patton,52,Love My Stuff,Spanish,A,
Charley Patton,53,Poor Me,C,D -,
Charley Patton,54,Revenue Man Blues,Spanish,B -,
Charley Patton,55,Troubled 'Bout My Mother,Spanish,Bb +,
Charley Patton,56,Oh Death,Spanish,Bb +,
Charley Patton,57,Yellow Bee,E,F,
Charley Patton,58,Mind Reader Blues,E,F,
Blind Blake,1,Dying Blues,C,,
Blind Blake,2,Ashley St Blues,C,,
Blind Blake,3,Early Morning Blues,C,,
Blind Blake,4,West Coast Blues,C,,
Blind Blake,5,West Coast Blues,C,,
Blind Blake,6,West Coast Blues,C,,
Blind Blake,7,Early Morning Blues,C,,
Blind Blake,8,Early Morning Blues,C,,
Blind Blake,9,Too Tight,G,,
Blind Blake,10,Blake's Worried Blues,C,,
Blind Blake,11,Come on Boys Let's Do That Messin' Around,G,,
Blind Blake,12,Come on Boys Let's Do That Messin' Around,G,,
Blind Blake,13,Tampa Bound,G,,
Blind Blake,14,Skeedle Loo Doo Blues,C,,
Blind Blake,15,Skeedle Loo Doo Blues,C,,
Blind Blake,16,Stonewall Street Blues,G,,
Blind Blake,17,State Street Men Blues,,,
Blind Blake,18,Down the Country,Vestapol,,
Blind Blake,19,Back Biting Bee Blues,Dropped D,,
Blind Blake,20,Wilson Dam,G,,
Blind Blake,21,Bucktown Blues,C,,
Blind Blake,22,Black Dog Blues,C,,
Blind Blake,23,One Time Blues,A,,
Blind Blake,24,Bad Feelin' Blues,Dropped D,,
Blind Blake,25,Dry Bone Shuffle,C,,
Blind Blake,26,Dry Bone Shuffle,C,,
Blind Blake,27,Dry Bone Shuffle,C,,
Blind Blake,28,That Will Happen No More,G,,
Blind Blake,29,Brownskin Mama Blues <Take 1>,C,,
Blind Blake,30,Brownskin Mama Blues <Take 2>,C,,
Blind Blake,31,Hard Road Blues,G,,
Blind Blake,32,Hey Hey Daddy Blues,C,,
Blind Blake,33,Sea Board Stomp,C,,
Blind Blake,34,You Gonna Quit Me Blues,C,,
Blind Blake,35,Steel Mill Blues,C,,
Blind Blake,36,Southern Rag,C,,
Blind Blake,37,He's in the Jailhouse Now,C,,
Blind Blake,38,Wabash Rag,C,,
Blind Blake,39,Doggin' Me Mama Blues,C,,
Blind Blake,40,C C Pill Blues,C,,
Blind Blake,41,Hot Potatoes,C,,
Blind Blake,42,Southbound Rag,G,E flat,
Blind Blake,43,Pay Day Daddy Blues,C,,
Blind Blake,44,Elzadie's Policy Blues,G,E flat?,
Blind Blake,45,Good-Bye Mama Moan,C,,
Blind Blake,46,Tootie Blues,C,,
Blind Blake,47,That Lovin' I Crave,G,,
Blind Blake,48,That Lonesome Rave,C,,
Blind Blake,49,Terrible Murder Blues,A,,
Blind Blake,50,Leavin' Gal Blues,C,,
Blind Blake,51,No Dough Blues,C,,
Blind Blake,52,Lead Hearted Blues,G,,
Blind Blake,53,Let Your Love Come Down,F,,
Blind Blake,54,Rumblin' and Ramblin' Boa Constrictor Blues,C,,
Blind Blake,55,Bootleg Rum Dum Blues,G,,
Blind Blake,56,Detroit Bound Blues,C,,
Blind Blake,57,Beulah Land,G,,
Blind Blake,58,Panther Squall Blues,G,,
Blind Blake,59,Elzadie's Policy Blues,,,
Blind Blake,60,Pay Day Daddy Blues,C,,
Blind Blake,61,Walkin' Across the Country,C,,
Blind Blake,62,Search Warrant Blues,F,,
Blind Blake,63,Rambin' Mama Blues,C,,
Blind Blake,64,New Style of Loving,C,,
Blind Blake,65,Back Door Slam Blues,C,,
Blind Blake,66,Notoriety Woman Blues,F,,
Blind Blake,67,Cold Hearted Mama Blues,G,,
Blind Blake,68,Low Down Loving Gal,G,,
Blind Blake,69,Sweet Papa Low Down,C,,
Blind Blake,70,Poker Woman Blues,C,,
Blind Blake,71,Doing a Stretch,F,,
Blind Blake,72,Fightin' the Jug,F,,
Blind Blake,73,Hookworm Blues,C,,
Blind Blake,74,Slippery Rag,C,,
Blind Blake,75,Hastings St,G,LOW,
Blind Blake,76,Diddie Wah Diddie,C,,
Blind Blake,77,Diddie Wah Diddie,C,,
Blind Blake,78,"Too Tight Blues, No. 2",G,,
Blind Blake,79,Chump Man Blues,Dropped D,,
Blind Blake,80,Ice Man Blues,C,,
Blind Blake,81,Police Dog Blues,Vestapol,,
Blind Blake,82,"I Was Afraid of That, Pt. 2",C,,
Blind Blake,83,Georgia Bound,C,,
Blind Blake,84,Keep It Home,A,,
Blind Blake,85,Keep It Home,A,,
Blind Blake,86,Sweet Jivin' Mama,"EADF#AD tuning, played in A",,
Blind Blake,87,Lonesome Christmas Blues,C,,
Blind Blake,88,Third Degree Blues,C,,
Blind Blake,89,Guitar Chimes,C,,
Blind Blake,90,Blind Arthur's Breakdown,C,,
Blind Blake,91,Baby Lou Blues,C,,
Blind Blake,92,Cold Love Blues,G,,
Blind Blake,93,"Papa Charlie & Blind Blake Talk About It, Pt. 1",C,,
Blind Blake,94,"Papa Charlie & Blind Blake Talk About It, Pt. 2",C,,
Blind Blake,95,Stingaree Man Blues,G,,
Blind Blake,96,Itching Heel,C,,
Blind Blake,97,You've Got What I Want,G,,
Blind Blake,98,Cherry Hill Blues,E,,
Blind Blake,99,"Diddie Wah Diddie, No. 2",C,,
Blind Blake,100,Hard Pushin' Papa,G,,
Blind Blake,101,What a Lowdown Place the Jailhouse Is,C,,
Blind Blake,102,Ain't Gonna Do That No More,C,,
Blind Blake,103,Playing Policy Blues,G,,
Blind Blake,104,Righteous Blues,C,,
Blind Blake,105,Fancy Tricks,G,,
Blind Blake,106,"Rope Stretchin' Blues, Pt. 2",Am/C,,
Blind Blake,107,"Rope Stretchin' Blues, Pt. 1",Am/C,,
Blind Blake,108,"Rope Stretchin' Blues, Pt. 1",Am/C,,
Blind Blake,109,Champagne Charlie Is My Name,C,,
Blind Blake,110,Depression's Gone from Me Blues,E,,
Blind Blake,111,Night and Day Blues,G,,
Blind Blake,112,Sun to Sun,A,,
Blind Blake,1,,G,,With Ma Rainey:: Morning Hour Blues
Blind Blake,2,,C,,With Ma Rainey:: Little Low Momma Blues
Blind Blake,3,,G,,With Ma Rainey:: Grievin' Hearted Blues
Blind Blake,1,,G,,With Charlie Spand:: Soon This Morning Blues
Blind Blake,2,,?,,With Charlie Spand:: Fetch Your Water
Blind Blake,1,,F or G,,"With Gus Cannon (Banjo Joe):: Poor Boy, Long Ways From Home"
Blind Blake,2,,F or G,,With Gus Cannon (Banjo Joe):: Madison Street Rag
Blind Blake,3,,C,,With Gus Cannon (Banjo Joe):: Jazz Gypsy Rag
Blind Blake,4,,C,,With Gus Cannon (Banjo Joe):: Can You Blame the Colored Man
Blind Blake,5,,C,,With Gus Cannon (Banjo Joe):: My Money Never Runs Out
Blind Boy Fuller,1,"Baby, I Don't Have To Worry",C+4,E,
Blind Boy Fuller,2,I'm A Rattlesnakin' Daddy,A+4,C#,
Blind Boy Fuller,3,I'm Climbin' On Top of the Hill,E+5,A,
Blind Boy Fuller,4,Ain't It a Crying Shame,E+5,A,
Blind Boy Fuller,5,Looking For My Woman,A+5,D,
Blind Boy Fuller,6,Rag Mama Rag (unissued),C+5,F,
Blind Boy Fuller,7,Rag Mama Rag,C+5,F,
Blind Boy Fuller,8,"Baby, You Gotta Change Your Mind",C+5,F,
Blind Boy Fuller,9,Evil Hearted Woman,G+3,A#,
Blind Boy Fuller,10,My Brownskin Sugar Plum,C,C,
Blind Boy Fuller,11,Somebody's Been Playing with that Thing,A,A,
Blind Boy Fuller,12,Log Cabin Blues,C+1,C#,
Blind Boy Fuller,13,Log Cabin Blues (unissued),C+1,C#,
Blind Boy Fuller,14,Homesick and Lonesome Blues,Vestapol @ Eb,Eb,
Blind Boy Fuller,15,Walking My Troubles Away,E+2,F#,
Blind Boy Fuller,16,Walking My Troubles Away (unissued),E+2,F#,
Blind Boy Fuller,17,Black and Tan,A+3,C,
Blind Boy Fuller,18,Keep Away from My Woman,G+2',A,
Blind Boy Fuller,19,Keep Away from My Woman (unissued),G+3,A#,
Blind Boy Fuller,20,Babe You Got to Do Better,E+3,G,
Blind Boy Fuller,21,Big Bed Blues,C+3,D#,
Blind Boy Fuller,22,Truckin' My Blues Away,C+3',D#,
Blind Boy Fuller,23,(I Got a Woman Crazy for Me) She's Funny That Way,C+3,D#,
Blind Boy Fuller,24,Cat Man Blues (unissued),A+3,C,
Blind Boy Fuller,1,Cat Man Blues (take 2),A+2,B,
Blind Boy Fuller,2,When Your Gal Packs Up and Leaves,E+3,G,
Blind Boy Fuller,3,Mama Let Me Lay It On You,G+2?,A,
Blind Boy Fuller,4,If You Don't Give Me What I Want,C+3,D#,
Blind Boy Fuller,5,Boots and Shoes,E+3 G,G,
Blind Boy Fuller,6,Trucking My Blues Away No. 2 (take 1),C+1,C#,
Blind Boy Fuller,7,Trucking My Blues Away No. 2 (take 2),C+1,C#,
Blind Boy Fuller,8,Sweet Honey Hole,E+1,F,
Blind Boy Fuller,9,Untrue Blues,A+1,Bb,
Blind Boy Fuller,10,Tom Cat Blues,E,E,
Blind Boy Fuller,11,My Baby Don't Mean Me No Good,E+1,F,
Blind Boy Fuller,12,Been Your Dog,D,D-sharp(+),
Blind Boy Fuller,13,My Best Gal Gonna Leave Me,G+1,G#,
Blind Boy Fuller,14,Wires All Down,G+2,A,
Blind Boy Fuller,15,Let Me Squeeze Your Lemon,G+1,G#,
Blind Boy Fuller,16,Death Alley,C+1,C#,
Blind Boy Fuller,17,Mamie (take 1),A,A,
Blind Boy Fuller,18,Mamie (take 2),A+1,A#,
Blind Boy Fuller,19,New Oh Red!,C+3 E-1,Eb,
Blind Boy Fuller,20,If You See My Pigmeat,A+1,A#,
Blind Boy Fuller,21,Stingy Mama,A+1,A#,
Blind Boy Fuller,22,Why Don't My Baby Write to Me,E+1,F,
Blind Boy Fuller,23,Some Day You're Gonna Be Sorry,E+1,F,
Blind Boy Fuller,24,You Never Can Tell,C+1,C#,
Blind Boy Fuller,1,Put You Back in the Jail,C+1,,
Blind Boy Fuller,2,Walking and Looking Blues,G+1,G#,
Blind Boy Fuller,3,Bulldog Blues,A+1,A#,
Blind Boy Fuller,4,Where My Woman Usta Lay,A+1,A#,
Blind Boy Fuller,5,Working Man Blues,D+1',D#,
Blind Boy Fuller,6,Weeping Willow,A+3,C,
Blind Boy Fuller,7,Corrine What Makes You Treat Me So,A+2,G,
Blind Boy Fuller,8,Stealing Bo-Hog,A+1,A#,
Blind Boy Fuller,9,Worried and Evil Man Blues,G+1,G#,
Blind Boy Fuller,10,Bull Dog Blues,A,A,
Blind Boy Fuller,11,Break of Day Blues,A+1,A#,
Blind Boy Fuller,12,Oh Zee Zas Rag,C+1,C#,
Blind Boy Fuller,13,Throw Your Yas Yas Back in Jail,C+1,C#,
Blind Boy Fuller,14,Snake Woman Blues,C+1,C#,
Blind Boy Fuller,15,Mojo Hidin' Woman,A+1,A#,
Blind Boy Fuller,16,Steel Hearted Woman,E+2,F#,
Blind Boy Fuller,17,Ain't No Gettin' Along,A+1,A#,
Blind Boy Fuller,18,Careless Love,A+2,B,
Blind Boy Fuller,19,New Louise Louise Blues,E+2,F#,
Blind Boy Fuller,20,"Mistreater, You're Going to Be Sorry",E+4,G#,
Blind Boy Fuller,21,Bye Bye Baby Blues,E+3,G,
Blind Boy Fuller,22,"Looking for My Woman, No. 2",A+2,B,
Blind Boy Fuller,1,Shaggy Like A Bear,G+2,A,
Blind Boy Fuller,2,Ten O'clock Peeper,A+2,B,
Blind Boy Fuller,3,Hungry Calf Blues,A+2,B,
Blind Boy Fuller,4,Too Many Women Blues,A+2,B,
Blind Boy Fuller,5,Oozin' You Off My Mind,C+2,D,
Blind Boy Fuller,6,Shake That Shimmy,C+2,D,
Blind Boy Fuller,7,Heart Ease Blues,C+2,D,
Blind Boy Fuller,8,I'm Going To Move (To The Edge Of Town),E+3,G,
Blind Boy Fuller,9,Pistol Slapper Blues,G,G,
Blind Boy Fuller,10,Mean And No Good Woman,A-1,Ab,
Blind Boy Fuller,11,Georgia Ham Mama,A-2,G,
Blind Boy Fuller,12,Piccolo Rag,C-2,Bb,
Blind Boy Fuller,13,Funny Feeling Blues,E-2,D,
Blind Boy Fuller,14,Painful Hearted Man,D-2,C,
Blind Boy Fuller,15,You've Got To Move It Out,E,E,
Blind Boy Fuller,16,Mama Let Me Lay It On You No.2,G,G,
Blind Boy Fuller,17,Meat Shakin' Woman,C-1,B,
Blind Boy Fuller,18,I'm A Good Stem Winder,A-1,Ab,
Blind Boy Fuller,19,What's That Smells Like Fish,C+1',C#,
Blind Boy Fuller,20,She's A Truckin' Little Baby,C+1',C#,
Blind Boy Fuller,21,Jivin' Woman Blues,C+1',C#,
Blind Boy Fuller,22,You're Laughing Now,G+2,A,
Blind Boy Fuller,1,Stop Jivin' Me Mama,E+1,F,
Blind Boy Fuller,2,Long Time Trucker,A,A,
Blind Boy Fuller,3,Big House Bound,A',A,
Blind Boy Fuller,4,Flyin' Airplane Blues,E+1,F,
Blind Boy Fuller,5,Get Your Yas Yas Out,C+2,D,
Blind Boy Fuller,6,Jitterbug Rag,G+3,A#,
Blind Boy Fuller,7,Screaming and Crying Blues,G+2,A,
Blind Boy Fuller,8,Blacksnakin' Jiver,C+1,C#,
Blind Boy Fuller,9,I Don't Care How Long,Vestapol @ E,E,
Blind Boy Fuller,10,You've Got Something There,C+1,C#,
Blind Boy Fuller,11,Baby Quit Your Low Down Ways(take 1),G+4,B,
Blind Boy Fuller,12,Baby Quit Your Low Down Ways(take 2),G+4,B,
Blind Boy Fuller,13,It Doesn't Matter Baby,G+3,A#,
Blind Boy Fuller,14,Black Bottom Blues,C+3,D#,
Blind Boy Fuller,15,I Crave My Pig Meat,G+3,A#,
Blind Boy Fuller,16,Big Leg Woman Gets My Pay,E+3,G,
Blind Boy Fuller,17,I'm a Stranger Here,Vestapol @ F,F,
Blind Boy Fuller,18,Red's Got the Piccolo Blues,C+2,D,
Blind Boy Fuller,19,I Want Some of Your Pie,E+1,F,
Blind Boy Fuller,20,Jivin' Big Bill Blues,E+1,F,
Blind Boy Fuller,21,Woman You Better Wake Up,A,A,
Blind Boy Fuller,22,Step It Up and Go,G,G,
Blind Boy Fuller,23,Worn Out Engine Blues,A,A,
Blind Boy Fuller,1,Blue and Worried Man,E,E,
Blind Boy Fuller,2,Passenger Train Woman,E+4,G#,
Blind Boy Fuller,3,"Shake It, Baby",C+1,C#,
Blind Boy Fuller,4,Somebody's Been Talkin',A+2,B,
Blind Boy Fuller,5,Three Ball Blues,A+2,B,
Blind Boy Fuller,6,Little Woman You're So Sweet,Vestapol @ D,D,
Blind Boy Fuller,7,Harmonica Stomp,E,E,
Blind Boy Fuller,8,Good Feeling Blues,E,E,
Blind Boy Fuller,9,You Can't Hide from the Lord,C,C,
Blind Boy Fuller,10,Twelve Gates to the City,G,G,
Blind Boy Fuller,11,Crooked Woman Blues,D,D,
Blind Boy Fuller,12,I Don't Want No Skinny Woman,E,E,
Blind Boy Fuller,13,Bus Rider Blues,E,E,
Blind Boy Fuller,14,You Got to Have Your Dollar,E,E,
Blind Boy Fuller,15,Lost Lover Blues,A,A,
Blind Boy Fuller,16,Thousand Woman Blues,A+1,A#,
Blind Boy Fuller,17,Bye Bye Baby,E,E,
Blind Boy Fuller,18,When You Are Gone,G,G,
Blind Boy Fuller,19,No Stranger Now,C,C,
Blind Boy Fuller,20,Must Have Been My Jesus,A,A,
Blind Boy Fuller,21,Jesus Is a Holy Man,A+1,A#,
Blind Boy Fuller,22,Precious Lord,G,G,
Blind Boy Fuller,23,Night Rambling Woman,G,G,
Blind Willie McTell,1,Writin' Paper Blues,E,D+,
Blind Willie McTell,2,Stole Rider Blues,drop D,C+,
Blind Willie McTell,3,Mama T'ain't Long Fo' Day,Spanish,F#,
Blind Willie McTell,4,Mr. McTell Got the Blues,C,B-flat+,
Blind Willie McTell,5,Mr. McTell Got the Blues,C,B-flat,
Blind Willie McTell,1,Three Women Blues,Vestapol,E-flat,
Blind Willie McTell,2,Dark Night Blues,C,B,
Blind Willie McTell,3,Statesboro Blues,drop D,C#+,
Blind Willie McTell,4,Loving Talking Blues,G,F#,
Blind Willie McTell,5,Atlanta Strut,C,B-flat,
Blind Willie McTell,6,Travelin' Blues,Vestapol,D,
Blind Willie McTell,7,Come On Around to My House Mama,C,A,
Blind Willie McTell,8,Kind Mama,C,A+,
Blind Willie McTell,9,Teasing Brown,C,B-flat,
Blind Willie McTell,10,Drive Away Blues,E,C#,
Blind Willie McTell,11,This Is Not the Stove to Brown Your Bread,C,A,
Blind Willie McTell,12,Love Changing Blues,Spanish,E,
Blind Willie McTell,13,Talkin' to Myself,E,C#,
Blind Willie McTell,14,Razor Ball,C,A+,
Blind Willie McTell,15,Southern Can Is Mine,C,A-flat,
Blind Willie McTell,16,Broke Down Engine Blues,E,C,
Blind Willie McTell,17,Stomp Down Rider,G,E,
Blind Willie McTell,18,Scarey Day Blues,E,C#,
Blind Willie McTell,19,Rough Alley Blues,E,C#,
Blind Willie McTell,20,Experience Blues,Vestapol,C,
Blind Willie McTell,21,Painful Blues,C,A,
Blind Willie McTell,22,Low Rider's Blues,C,A-flat,Curley Weaver: Spanish
Blind Willie McTell,23,Georgia Rag,C,A-flat+,
Blind Willie McTell,24,Low Down Blues,Spanish,E-flat,Curley Weaver: Vestapol
Blind Willie McTell,25,Rollin' Mama Blues,Spanish,C#,Curley Weaver: Vestapol
Blind Willie McTell,26,Lonesome Day Blues,C,F#,Curley Weaver: Spanish
Blind Willie McTell,27,"Mama, Let Me Scoop For You",G,D,
Blind Willie McTell,28,Searching the Desert for the Blues,E,C,
Blind Willie McTell,29,Warm It Up to Me,C,A-flat,Curley Weaver: G
Blind Willie McTell,30,It's Your Time to Worry,G,D+,Curley Weaver: Vestapol
Blind Willie McTell,31,It's a Good Little Thing,G,E-flat,Curley Weaver: Vestapol
Blind Willie McTell,32,You Was Born to Die,Spanish,D,Curley Weaver: Vestapol
Blind Willie McTell,33,Lord Have Mercy If You Please,Spanish,D,Curley Weaver: E
Blind Willie McTell,34,Don't You See How This World Made a Change,Vestapol,B,Curley Weaver: E
Blind Willie McTell,35,Savannah Mama,Vestapol,A,
Blind Willie McTell,36,Broke Down Engine,E,A+,
Blind Willie McTell,37,Broke Down Engine No. 2,E,A+,
Blind Willie McTell,38,My Baby's Gone,G,C,
Blind Willie McTell,39,Love-Makin' Mama,C,F,Curley Weaver: G
Blind Willie McTell,40,Death Room Blues,C,F+,Curley Weaver: G
Blind Willie McTell,41,Death Cell Blues,G,D+,Curley Weaver: E
Blind Willie McTell,42,"Lord, Send Me an Angel",E,A,Curley Weaver: C
Blind Willie McTell,43,B and O Blues No. 2 (take 1),G,C#+,Curley Weaver: E
Blind Willie McTell,44,B and O Blues No. 2 (take 2),G,C#+,Curley Weaver: E
Blind Willie McTell,45,Weary Hearted Blues,A,E-flat,Curley Weaver: E
Blind Willie McTell,46,Bell Street Lightnin',C,F#,Curley Weaver: G
Blind Willie McTell,47,Southern Can Mama,C,F#,"Curley Weaver: almost inaudible, likely G"
Blind Willie McTell,48,Runnin' Me Crazy,E,B-flat,Curley Weaver: C
Blind Willie McTell,49,East St. Louis Blues (Fare You Well),E,B-flat,Curley Weaver: C
Blind Willie McTell,50,Ain't It Grand to Be a Christian,Vestapol,A-flat,
Blind Willie McTell,51,We Got to Meet Death One Day,Vestapol,B,
Blind Willie McTell,52,We Got to Meet Death One Day,Vestapol,B,
Blind Willie McTell,53,Don't Let Nobody Turn You Around,Vestapol,B+,
Blind Willie McTell,54,"I Got Religion, I'm So Glad",Vestapol,A-flat,
Blind Willie McTell,55,Dying Gambler,Vestapol,F#+,
Blind Willie McTell,56,God Don't Like It,Vestapol,G,
Blind Willie McTell,57,Bell Street Blues,C,F#,Curley Weaver: E
Blind Willie McTell,58,Let Me Play With Yo' Yo-Yo,C,F#,Curley Weaver: G
Blind Willie McTell,59,Lay Some Flowers On My Grave,C,F,Curley Weaver: G
Blind Willie McTell,60,Ticket Agent Blues,E,A-flat+,
Blind Willie McTell,61,Cold Winter Day,Vestapol,B,Curley Weaver: Vestapol
Blind Willie McTell,62,Your Time to Worry,G,C,
Blind Willie McTell,63,Cooling Board Blues,E,A,Curley Weaver: A
Blind Willie McTell,64,Hillbilly Willie's Blues,C,F,
Blind Willie McTell,1,You Got to Die/Climbing High Mountains,Vestapol,A-flat+,
Blind Willie McTell,2,Boll Weavil,G,C,
Blind Willie McTell,3,Delia,C,F,
Blind Willie McTell,4,Dying Crapshooter's Blues,Dm (ends on F chord),Gm,
Blind Willie McTell,5,Will Fox,C,F,
Blind Willie McTell,6,I Got to Cross the River Jordan,Vestapol,A-flat+,
Blind Willie McTell,7,Old Time Religion,Vestapol,A-flat+,
Blind Willie McTell,8,Amazing Grace,Vestapol,A-flat+,
Blind Willie McTell,9,King Edward Blues,C,F,
Blind Willie McTell,10,Murderer's Home Blues,drop D,G,
Blind Willie McTell,11,Kill-It-Kid Rag,G,C,
Blind Willie McTell,12,Chainey,Vestapol,A-flat+,
Blind Willie McTell,13,I Got to Cross the River of Jordan,Vestapol,A,
Blind Willie McTell,1,Kill it Kid,G,B,
Blind Willie McTell,2,Razor Ball,G,B,
Blind Willie McTell,3,Little Delia,C,E,
Blind Willie McTell,4,Broke Down Engine,E,A-flat,
Blind Willie McTell,5,Dying Crapshooter's Blues,Dm (ends on F chord),F#m,
Blind Willie McTell,6,Pinetop's Boogie Woogie,G,B-flat+,
Blind Willie McTell,7,Blues Around Midnight,C,E-flat+ (almost E),
Blind Willie McTell,8,Last Dime Blues,E,G+,
Blind Willie McTell,9,On the Cooling Board,E,G+,
Blind Willie McTell,10,Motherless Children,Vestapol,G,
Blind Willie McTell,11,I Got to Cross the River of Jordan,Vestapol,G,
Blind Willie McTell,12,You Got to Die,Vestapol,G+,
Blind Willie McTell,13,Ain't It Grand to Live a Christian,Vestapol,G+,
Blind Willie McTell,14,Pearly Gates,C,E,
Blind Willie McTell,15,Soon This Morning,drop D,F+,
Blind Willie McTell,1,My Baby's Gone,no McTell,B-flat,Curley Weaver: A
Blind Willie McTell,2,Ticket Agent,no McTell,A+,Curley Weaver: A
Blind Willie McTell,3,Don't Forget It,E,A,Curley Weaver: A?
Blind Willie McTell,4,A to Z Blues,C,F,Curley Weaver: F
Blind Willie McTell,5,It's A Good Little Thing,C,F,Curley Weaver: F
Blind Willie McTell,6,You Can't Get Stuff No More,C,F,Curley Weaver: F
Blind Willie McTell,7,Love Changin' Blues,Vestapol,G,Curley Weaver: G
Blind Willie McTell,8,Savannah Mama,Vestapol,G,Curley Weaver: G
Blind Willie McTell,9,Talkin' To You,E,A,Curley Weaver: A?
Blind Willie McTell,10,East St. Louis (Fare You Well),E,A,Curley Weaver: A?
Blind Willie McTell,11,Wee Midnight Hours,A?,E,Curley Weaver: E
Blind Willie McTell,12,She Don't Treat Me Good,G?,C,Curley Weaver: C
Blind Willie McTell,13,Brownskin Women,E,A,Curley Weaver: A
Blind Willie McTell,14,I Keep On Drinking,drop D,G,Curley Weaver: G
Blind Willie McTell,15,Pal of Mine,C,F,Curley Weaver: F
Blind Willie McTell,16,Pal of Mine (take 2),C,F,Curley Weaver: F
Blind Willie McTell,17,Honey It Must Be Love,C,F,Curley Weaver: F
Blind Willie McTell,18,Sending Up My Timber,G,C,Curley Weaver: C
Blind Willie McTell,19,Sending Up My Timber (take 2),G,C,Curley Weaver: C
Blind Willie McTell,20,Lord Have Mercy,C,F,Curley Weaver: F
Blind Willie McTell,21,Trying to Get Home,C,F,Curley Weaver: F
Blind Willie McTell,22,It's My Desire,C,E+,
Blind Willie McTell,23,Hide Me In Thy Bosom,C,F,
Blind Willie McTell,24,Some Rainy Day,no McTell,A-flat,Curley Weaver: G
Blind Willie McTell,25,Trixie,no McTell,G+,Curley Weaver: G
Blind Willie McTell,1,Baby It Must Be Love,C,E+,
Blind Willie McTell,2,Dyin' Crapshooter's Blues,Dm (ends on F chord),F#m+,
Blind Willie McTell,3,Don't Forget It,E,A-flat,
Blind Willie McTell,4,Kill It Kid,G,B+,
Blind Willie McTell,5,That Will Never Happen No More,G,B,
Blind Willie McTell,6,Goodbye Blues,G,B,
Blind Willie McTell,7,Salty Dog,G,B,
Blind Willie McTell,8,Beedle Um Bum,F,A+,
Blind Willie McTell,9,A Married Man's A Fool,C,E+,
Blind Willie McTell,10,A to Z Blues,C,E+,
Blind Willie McTell,11,Wabash Cannonball,D,F#+,
Blind Willie McTell,12,Pal of Mine,C,E+,
Furry Lewis,1,Everybody’s Blues,C,Bb,
Furry Lewis,2,Mr. Furry’s Blues,C,A (+),
Furry Lewis,3,Sweet Papa Moan,C,B (-),
Furry Lewis,4,Rock Island Blues,Spanish,G,
Furry Lewis,5,Jelly Roll,EAEGBE tuning,Eb,
Furry Lewis,6,Billy Lyons and Stack O’Lee,C,B (-),
Furry Lewis,7,Good Looking Girl Blues,Spanish,Ab (+),
Furry Lewis,8,Why Don’t You Come Home Blues,Spanish,Ab (+),
Furry Lewis,9,Falling Down Blues,Vestapol,D,
Furry Lewis,10,Big Chief Blues,Vestapol,D,
Furry Lewis,11,Mean Old Bed Bug Blues,EAEGBE tuning,D (+),
Furry Lewis,12,Furry’s Blues,Spanish,F#,
Furry Lewis,13,I Will Turn Your Money Green [Take 1],Spanish,F#,
Furry Lewis,14,I Will Turn Your Money Green [Take 2],Spanish,F#,
Furry Lewis,15,Mistreatin’ Mama,EAEGBE tuning,D,
Furry Lewis,16,Dry Land Blues,E,D,
Furry Lewis,17,Cannon Ball Blues,Spanish,G,
Furry Lewis,18,"Kassie Jones, Part 1",Spanish,G,
Furry Lewis,19,"Kassie Jones, Part 2",Spanish,G,
Furry Lewis,20,Judge Harsh Blues [Take 1],Vestapol,D,
Furry Lewis,21,Judge Harsh Blues [Take 2],Vestapol,D,
Furry Lewis,22,"John Henry (The Steel Driving Man), Part 1",Vestapol,Eb,
Furry Lewis,23,"John Henry (The Steel Driving Man), Part 2",Vestapol,Eb,
Furry Lewis,24,Black Gypsy Blues,Spanish,Ab (+),
Furry Lewis,25,Creeper’s Blues,EAEGBE tuning,Eb,
Furry Lewis,1,John Henry,Vestapol,C(-),Slide: Slide
Furry Lewis,2,When My Baby Left Me,Vestapol,C(-),Slide: Slide
Furry Lewis,3,Shake 'Em On Down,EAEGBE tuning,C(+),Slide: No slide
Furry Lewis,4,Big Chief Blues,Spanish,F,Slide: Slide
Furry Lewis,5,Old Blue,Spanish,E(-),Slide: No slide
Furry Lewis,6,I'm Going To Brownsville,Spanish,E(+),Slide: Slide
Furry Lewis,7,Back On My Feet Again,Spanish,F(+),Slide: Slide
Furry Lewis,8,White Lightnin',EAEGBE tuning,C,Slide: No slide
Furry Lewis,9,Roberta,Spanish,F(-),Slide: Slide
Furry Lewis,10,St. Louis Blues,Spanish,E(+),Slide: Slide
Furry Lewis,11,Baby You Don't Want Me,Spanish,E(+),Slide: Slide
Furry Lewis,12,Done Changed My Mind,E,C,Slide: No slide
Furry Lewis,13,Goin' To Kansas City,E,C(+),Slide: No slide
Furry Lewis,14,Judge Boushay Blues,Vestapol,C(+),Slide: Slide
Furry Lewis,15,Casey Jones,Spanish,E(+),Slide: No slide
Furry Lewis,16,This Time Tomorrow,Spanish,E(+),Slide: No slide
Furry Lewis,17,I Will Turn Your Money Green,EAEGBE tuning,C(+),Slide: No slide
Furry Lewis,18,Frankie And Johnnie,G,D(+),Slide: No slide
Furry Lewis,19,Longing Blues,Spanish,E(-),Slide: Slide on intro only
Furry Lewis,20,Long Tall Gal Blues,EAEGBE tuning,C(+),Slide: No slide
Furry Lewis,,Longing Blues,Spanish,F#,Slide: Slide
Furry Lewis,,John Henry,Vestapol,C#,Slide: Slide
Furry Lewis,,I Will Turn Your Money Green,EAEGBE,C#,Slide: No slide
Furry Lewis,,Pearlee Blues,Spanish,F#,Slide: Slide
Furry Lewis,,Judge Boushay Blues,Vestapol,D,Slide: Slide
Furry Lewis,,Casey Jones,Spanish,F#,Slide: No slide
Furry Lewis,,East St. Louis Blues,"E, standard tuning",D,Slide: No slide
Furry Lewis,,Good Morning Judge,Vestapol,D-,Slide: Slide
Furry Lewis,,Worried Blues,Spanish,E,Slide: No slide
Furry Lewis,,Blues Around My Bed,EAEGBE,D-,Slide: No slide
Furry Lewis,,Why Don't You Come Home Blues,Spanish,G,Slide: Slide
Furry Lewis,,Don't You Wish Your Mama,Spanish,Ab,Slide: Slide
Furry Lewis,,Furry Lewis Rag,"C, standard",C-,Slide: No slide
Furry Lewis,,Roll And Tumble Blues,Spanish,Ab+,Slide: Slide
Furry Lewis,,Old Hobo,"G, standard",Eb-,Slide: No slide
Furry Lewis,,Farewell I'm Growing Old,Spanish,F,Slide: Slide
Furry Lewis,,Furry Lewis Careless Love,Vestapol,C-,Slide: Slide
Furry Lewis,,Judge Harsh Blues,Vestapol,Eb-,Slide: Slide
Furry Lewis,,Let's Shake Hand In Hand,"G, standard",F#-,Slide: No slide
Furry Lewis,,Waiting For A Train,"G, standard",G,Slide: No slide
Furry Lewis,,Let Me Call You Sweetheart,Spanish,G+,Slide: Slide
Furry Lewis,,Big Chief Blues,Spanish,Ab--,Slide: Slide
Furry Lewis,,Casey Jones,Spanish,Ab--,Slide: No slide
Furry Lewis,,Take Your Time Rag,"C, standard",C,Slide: No slide
Furry Lewis,,John Henry,Vestapol,C#-,Slide: Slide
Furry Lewis,,Skinny Woman,Spanish,Ab--,Slide: No slide
Furry Lewis,,See That My Grave Is Kept Clean,Vestapol,Eb,Slide: Slide
Furry Lewis,,"Glory Hallelujah, When I Lay My Burden Down",Spanish,G+,Slide: Slide
Furry Lewis,,Furry's Monday Woman Blues,"E, standard",E,Slide: No slide
Furry Lewis,,Furry Lewis Blues,"E, standard",Eb,Slide: No slide
Furry Lewis,,Going Away Blues,Vestapol,C-,Slide: Yes
Furry Lewis,,John Henry,Vestapol,C-,Slide: Yes
Furry Lewis,,Skinny Woman,Spanish,F#-,Slide: Yes
Furry Lewis,,Old Dog Blues,Spanish,F#-,Slide: No
Furry Lewis,,Let Me Call You Sweetheart,Spanish,F#-,Slide: Yes
Furry Lewis,,Farewell To Thee,Spanish,F#-,Slide: Yes
Furry Lewis,,Mama's Fish,Spanish,Ab,Slide: No
Furry Lewis,,When I Lay My Burden Down,Spanish,Ab,Slide: Yes
Furry Lewis,,Kassie Jones,Spanish,Ab+,Slide: No
Leecan and Cooksey,1,Black Cat Bone Blues,G,,Session Date: 9/27/26
Leecan and Cooksey,2,Dirty Guitar Blues,C,,Session Date: 9/27/26
Leecan and Cooksey,3,When My Wants Run Out,"Verse: F, C and G. Chorus: Bflat",,Session Date: 10/18/26
Leecan and Cooksey,4,Talk 'Bout Somethin' That's Gwine To Happen,Bflat,,Session Date: 10/18/26
Leecan and Cooksey,5,Need More Blues Take 1,F,,Session Date: 11/22/26
Leecan and Cooksey,6,"Need More Blues, Take 2",F,,"Session Date: """
Leecan and Cooksey,7,"Whiskey and Gin Blues, Take 1",D,,"Session Date: """
Leecan and Cooksey,8,"Whiskey and Gin Blues, Take 2",D,,"Session Date: """
Leecan and Cooksey,9,Big Four,D minor/F,,"Session Date: """
Leecan and Cooksey,10,"South Street Stomp, Take 1","F, B flat",,"Session Date: """
Leecan and Cooksey,11,"South Street Stomp, Take 2","F, B flat",,"Session Date: """
Leecan and Cooksey,12,I Wants A Real Man,A minor/C,,Session Date: 12/26--1/27
Leecan and Cooksey,13,Scrubbin' Blues,G,,"Session Date: """
Leecan and Cooksey,14,Good Woman Blues,C,,Session Date: 2/14/27
Leecan and Cooksey,15,Second Handed Blues,C,,"Session Date: """
Leecan and Cooksey,16,Dead Drunk Blues,G,,"Session Date: """
Leecan and Cooksey,17,Dollar Blues,C,,Session Date: 3/22/27
Leecan and Cooksey,18,Maxwell And Peoria Blues,G,,"Session Date: """
Leecan and Cooksey,19,South Street Blues,C,,"Session Date: """
Leecan and Cooksey,20,Hock My Shoes,G,,"Session Date: """
Leecan and Cooksey,1,Wash-board Cut Out,C,,Session Date: 4/5/27
Leecan and Cooksey,2,Shortnin' Bread,C,,"Session Date: """
Leecan and Cooksey,3,Midnight Susie,G,,"Session Date: """
Leecan and Cooksey,4,Apaloosa Blues,C,,"Session Date: """
Leecan and Cooksey,5,"Ain't She Sweet, Take 1",B flat,,Session Date: 5/24/27
Leecan and Cooksey,6,"Ain't She Sweet, Take 2",B flat,,"Session Date: """
Leecan and Cooksey,7,Don't Let Your Head Hang Down,C,,"Session Date: """
Leecan and Cooksey,8,Royal Palm Special,C,,"Session Date: """
Leecan and Cooksey,9,Blue Harmonica,A minor/C,,"Session Date: """
Leecan and Cooksey,10,Macon Georgia Cut Out,E minor/G,,Session Date: 6/27
Leecan and Cooksey,11,Nobody Knows You When You're Down And Out,C,,"Session Date: """
Leecan and Cooksey,12,Memphis Shake,C,,Session Date: 7/27
Leecan and Cooksey,13,My Old Daddy's Got A Brand New Way To Love,C,,"Session Date: """
Leecan and Cooksey,14,Kansas City Shuffle,C,,"Session Date: """
Leecan and Cooksey,15,Black Cat Bone,G,,"Session Date: """
Leecan and Cooksey,16,"Mean Old Bedbug Blues, Take 1",G,,Session Date: 10/27/27
Leecan and Cooksey,17,"Mean Old Bedbug Blues, Take 2",G,,"Session Date: """
Leecan and Cooksey,18,Cold Morning Shout,A minor/C,,"Session Date: """
Leecan and Cooksey,19,Suitcase Breakdown,C,,"Session Date: """
Leecan and Cooksey,20,"Dallas Blues, Take 1",C,,"Session Date: """
Leecan and Cooksey,21,"Dallas Blues, Take 2",C,,"Session Date: """
Leecan and Cooksey,22,El Watson's Fox Chase,F#,,Session Date: 5/7/28
Mance Lipscomb,1,Sugar Babe (It's All Over Now),E,E-flat+,
Mance Lipscomb,2,Going Down Slow,A (Dropped D),B,
Mance Lipscomb,3,Freddie,E,F+,
Mance Lipscomb,4,Jack O'Diamonds,Vestapol,E-,
Mance Lipscomb,5,Baby Please Don't Go,E,F#+,
Mance Lipscomb,6,One Thin Dime,E,E+,
Mance Lipscomb,7,"Shake, Shake, Mama",A (Dropped D),B,
Mance Lipscomb,8,Ella Speed,C,D,
Mance Lipscomb,9,Mama Don't Allow,C,D-,
Mance Lipscomb,10,Ain't It Hard,Am,Bm,
Mance Lipscomb,11,'Bout A Spoonful,A (Dropped D),B-flat-,
Mance Lipscomb,12,Take Me Back Babe,C,C#,
Mance Lipscomb,13,Rag In G,G/C,G#/C#,
Mance Lipscomb,14,Big Boss Man,E,F,
Mance Lipscomb,15,You Gonna Quit Me,C,C#,
Mance Lipscomb,16,Blues In G,G,G#+,
Mance Lipscomb,17,"Mama, Don't Dog Me",A (Dropped D),B-flat,
Mance Lipscomb,18,Willie Poor Boy,spanish,G#+,
Mance Lipscomb,19,Tell Me Where You Stayed Last Night,Dropped D,E-flat-,
Mance Lipscomb,20,Knocking Down Windows,C,C#+,
Mance Lipscomb,21,Nobody's Fault But Mine,Vestapol,E-flat,
Mance Lipscomb,22,Motherless Children,Vestapol,E-flat,
Mance Lipscomb,1,Charlie James,E,F,
Mance Lipscomb,2,Come Back Baby,A,B-flat,
Mance Lipscomb,3,Spanish Flang Dang,Spanish,G#-,
Mance Lipscomb,4,You Got To Reap What You Sow,C,C#,
Mance Lipscomb,5,Cocaine Done Killed My Baby,C,C,
Mance Lipscomb,6,Joe Turner Killed A Man,Spanish,A-flat+,
Mance Lipscomb,7,Bumble Bee,E,E+,
Mance Lipscomb,8,"Boogie In ""A""",A (Dropped D),B-flat,
Mance Lipscomb,9,Hattie Green,A (Dropped D),B-flat+,
Mance Lipscomb,10,Silver City,C,C+,
Mance Lipscomb,11,The Titanic,Vestapol,E+,
Mance Lipscomb,12,If I Miss the Train,G,A-flat+,
Mance Lipscomb,13,Lord Thomas,a cappella,B-flat,
Mance Lipscomb,14,Tom Moore Blues,A,B-flat,
Mance Lipscomb,15,So Different Blues,C,C#,
Mance Lipscomb,16,Tall Angel At The Bar,E (maybe Vestapol),F+,
Mance Lipscomb,17,"Mama, Don't Dog Me",A (Dropped D),B-flat,
Mance Lipscomb,18,Long Way To Tipperary,C,C#+,
Mance Lipscomb,19,Willie Poor Boy,Spanish,G#,
Mance Lipscomb,20,You Rascal You,C,C#,
Mance Lipscomb,21,I Looked Down The Road And I Wondered,Vestapol,F,
Mance Lipscomb,22,Sentimental Blues,G,G#+,
Mance Lipscomb,23,Police Station Blues,A,B-flat+,
Mance Lipscomb,24,Missouri Waltz,C,C#+,
Mance Lipscomb,1,"Captain, Captain!",A,A+,
Mance Lipscomb,2,Ain't You Sorry,G,G+,
Mance Lipscomb,3,Night Time is the Right Time,E,E+,
Mance Lipscomb,4,Mr. Tom's Rag (Guitar Solo),C,C+,
Mance Lipscomb,5,I Want To Do Something For You,G,G+,
Mance Lipscomb,6,Long Tall Girl Got Stuck On Me,A,B-flat,
Mance Lipscomb,7,"Rag in ""A""",A,A+,
Mance Lipscomb,8,Going Up North to See My Pony Run,E,F,
Mance Lipscomb,9,Santa Fe Blues,C,C+,
Mance Lipscomb,10,Frankie and Albert,C,C+,
Mance Lipscomb,11,"Sentimental Piece in ""G"" (Guitar Solo)",G,G+,
Mance Lipscomb,12,Farewell Blues,E,F,
Mance Lipscomb,13,Shorty George,C,C+,
Mance Lipscomb,14,Angel Child,A (Dropped D),A+,
Mance Lipscomb,15,Black Rat,A (Dropped D),A+,
Mance Lipscomb,16,Tom Moore's Farm Take 2,A,A-flat+,
Mance Lipscomb,17,Foggy Bottom Blues,A,B-flat-,
Mance Lipscomb,18,Heel and Toe Polka,G,G#-,
Mance Lipscomb,19,Going Back to Georgia,E,G,
Mance Lipscomb,20,Easy Rider Blues,G,A-flat,
Mance Lipscomb,21,Why Did You Leave Me?,E,F,
Mance Lipscomb,22,Me and My Baby,E,F+,
Mance Lipscomb,23,Mance's Talking Blues,C,C#,
Mance Lipscomb,1,Baby Don't You Lay It On Me,A (Dropped D),B-flat,
Mance Lipscomb,2,Meet Me In The Bottom,A (Dropped D but retunes to standard -- extra cool move),B-flat,
Mance Lipscomb,3,You Gonna Miss Me,E,E+,
Mance Lipscomb,4,Keep On Truckin',C,C+,
Mance Lipscomb,5,Trouble In Mind,C,C#+,
Mance Lipscomb,6,Tom Moore Blues,A,B-flat+,
Mance Lipscomb,7,Mance's Short Haired Woman,E,E+,
Mance Lipscomb,8,Tra-La-Ra-La Doodle All Day,C,C#+,
Mance Lipscomb,9,Shine On Harvest Moon,C,C#+,
Mance Lipscomb,10,Run Sinner Run,Vestapol,E,
Mance Lipscomb,11,Key To The Highway,E,F,
Mance Lipscomb,12,Rock Me Mama,E,F,
Mance Lipscomb,13,Wonder Where Easy Rider Done Gone,G,G#+,
Mance Lipscomb,14,Late Night Blues & Boogie Woogie,E,F#,
Mance Lipscomb,15,Cocaine Done Killed My Baby,C,E+,
Mance Lipscomb,16,I Wonder Why,E,F#,
Mance Lipscomb,17,It Ain't Gonna Rain No More,C,E-flat,
Mance Lipscomb,18,You Gonna Quit Me Baby,C,E-flat,
Mance Lipscomb,19,When The Saints Go Marching In,Vestapol,E-flat+,
Mance Lipscomb,20,Mother Had A Sick Child,Vestapol,E-flat+,
Mance Lipscomb,1,Texas Blues,G,F#,
Mance Lipscomb,2,Black Gal,A (Dropped D),A-flat,
Mance Lipscomb,3,"Oh, Baby! (You Don't Have To Go)",E,E-flat,
Mance Lipscomb,4,Whiskey Blues,G,F#,
Mance Lipscomb,5,Haunted House Blues,G,F#,
Mance Lipscomb,6,Mance's Blues,E,F,
Mance Lipscomb,7,Does She Ever Think Of Me,E,E+,
Mance Lipscomb,8,I Just Hang Down My Head And I Cry,G,A-flat,
Mance Lipscomb,9,Rag In F,F,F+,
Mance Lipscomb,10,Wonder Where My Easy Rider Gone,G,A-flat-,
Mance Lipscomb,11,Tell Me Where You Stayed Last Night,E,E+,
Mance Lipscomb,12,"Corrine, Corrina",G,A-flat+,
Mance Lipscomb,13,Evil Blues,E,E,
Mance Lipscomb,14,"Mama, Let Me Lay It On You",A (Dropped D),B-flat,
Mance Lipscomb,15,Louise,Dropped D,E-flat,
Mance Lipscomb,16,Sometimes I Feel Like,Vestapol,E,
Mance Lipscomb,17,Blues In The Bottle,A,B-flat,
Mance Lipscomb,18,Angel Child,A (Dropped D),B-flat,
Mance Lipscomb,1,"Captain, Captain",A,B-flat-,
Mance Lipscomb,2,Careless Love,C,C#+,
Mance Lipscomb,3,"When Death Come Creeping in Your Room (Run, Sinner Run)",Vestapol,E-flat+,
Mance Lipscomb,4,Alabama Bound,G,A-flat+,
Mance Lipscomb,5,Buck Dance (Instrumental),C,C#+,
Mance Lipscomb,6,Night Time Is the Right Time,E,F+,
Mance Lipscomb,7,Rocks and Gravel Makes a Solid Road,E,F+,
Mance Lipscomb,8,Johnnie Take a One on Me,C,C#+,
Mance Lipscomb,9,Motherless Children,Vestapol,E-flat+,
Mance Lipscomb,10,Which-a-Way Do the Red River Run,E,F+,
Mance Lipscomb,11,Trouble in Mind,C,C#,
Mance Lipscomb,12,Ballad of the Boll Weevil,C,C+,
Mance Lipscomb,13,Boogie in 'A' (Instrumental),A (Dropped D),B-flat+,
Mance Lipscomb,14,Hattie Green,A (Dropped D),B-flat-,
Mance Lipscomb,15,Bumble Bee Blues,E,F+,
Mance Lipscomb,16,Shine on Harvest Moon,C,C+,
Mance Lipscomb,17,Cocaine Done Kill My Baby,C,C#,
Mance Lipscomb,18,Hey Lawdy Mama,A,A+,
Mance Lipscomb,19,Is You Gonna Quit Me Baby,C,C#,
Mance Lipscomb,20,Frankie Was a Good Woman,Spanish (tonic at 7th fret),E-flat,
Mance Lipscomb,21,You Gonna Look Like a Monkey,G,A-flat+,
Mance Lipscomb,22,Black Gal,A (Dropped D),B-flat+,
Mance Lipscomb,23,Casey Jones,F,F#+,
Mance Lipscomb,24,After Hours (Instrumental),E,F+,
Mance Lipscomb,25,Angel Child,A (Dropped D),A-,
Mance Lipscomb,1,So Different Blues,C,B-flat+,
Mance Lipscomb,2,See You Mama Every Night,F,E,
Mance Lipscomb,3,Late Hours Blues,E,E-flat+,
Mance Lipscomb,4,Nobody Cares For Me,C,B,
Mance Lipscomb,5,Shorty George Cut Down,C,C,
Mance Lipscomb,6,Corinna Corrina (12-string),G,G,
Mance Lipscomb,7,Rock Me Mama (12-string),E,E,
Mance Lipscomb,8,Shine On Harvest Moon (12-string),C,C,
Mance Lipscomb,9,Good As I Am To You (12-string),C,C,
Mance Lipscomb,10,Long Way To Tipparrary (12-string),C,C,
Mance Lipscomb,11,Getaway Blues,G,F,
Mance Lipscomb,12,Trouble In Mind,C,B-flat+,
Mance Lipscomb,13,Going Down Slow,A (Dropped D),G+,
Mance Lipscomb,14,Baby Please Don't Go,E,D+,
Mance Lipscomb,1,Meet Me in the Bottom*,A (Dropped D but retunes),B-flat,
Mance Lipscomb,2,Tom Moore's Farm*,A,B-flat,
Mance Lipscomb,3,Keep on Trucking,C,C+,
Mance Lipscomb,4,Joe Turner Killed a Man,Spanish,A-flat+,
Mance Lipscomb,5,Alabama Bound,G,A-,
Mance Lipscomb,6,You've Got to See Your Mama Every Night,F,G-,
Mance Lipscomb,7,Out and Down,E,E+,
Mance Lipscomb,8,Angel Child,A (Dropped D),A+,
Mance Lipscomb,9,You Rascal You,D,E-flat,
Mance Lipscomb,10,Mance's St. Louis Blues,C,C#,
Mance Lipscomb,11,"Baby, Don't You Lay It on Me",A (Dropped D),B-flat,
Mance Lipscomb,12,Tall Angel at the Bar,Vestapol,E,
Mance Lipscomb,13,Johnny Take a One on Me/Buck Dance,C,C,
Mance Lipscomb,1,Rock Me Mama All Night Long,E,F#,
Mance Lipscomb,2,Ain't Gonna Rain No Mo',C,C#-,
Mance Lipscomb,3,Goin' to Louisiana (See See Rider),C,C#-,
Mance Lipscomb,1,Key to the Highway,E,F,
Mance Lipscomb,2,Heel and Toe Polka,G,A-flat,
Mance Lipscomb,3,Alabama Jubilee,F,F#+,
Mance Lipscomb,1,Long Way to Tipperary,C,B,
Mance Lipscomb,2,Mother Had a Sick Child,Vestapol,D,
Mance Lipscomb,3,Looking for My Jesus,Vestapol,D,
Mance Lipscomb,1,When Death Comes Creeping in Your Room,Vestapol,E+,
Mance Lipscomb,1,Back Water Blues,A,B-flat,
Mance Lipscomb,1,Freddie,E,E+,
Mance Lipscomb,2,So Different Blues,C,C#+,
Mance Lipscomb,3,God Moves on the Water (The Titanic)*,Vestapol,E-flat,
Mance Lipscomb,,*also on Folk Music at Newport Part 1,,,
Mance Lipscomb,1,Blues in G,G,G+,
Mance Lipscomb,1,Stop-Time,C,,
Mance Lipscomb,2,I Ain't Got Nobody,C,,
Mance Lipscomb,3,"Take Your Arms From Around My Neck, Sugar Babe",E,,
Mance Lipscomb,4,When the Saints Go Marching In,Vestapol,,
Mance Lipscomb,1,St. James Infirmary,Am,,
Mance Lipscomb,1,See See Rider,C,,
Mance Lipscomb,2,See See Rider,E,,
Mance Lipscomb,3,All Night Long,G,,
Mance Lipscomb,1,Sugar Babe,E,,
Mance Lipscomb,2,Ella Speed,C,,
Mance Lipscomb,3,Can I Do Something for You,G,,
Mance Lipscomb,4,Baby Please Don't Go,E,,
Mance Lipscomb,5,Shine On Harvest Moon,C,,
Mance Lipscomb,6,You've Got to See Mama Every Night,F,,
Mance Lipscomb,7,Goin' Down Slow,A (Dropped D),,
Mance Lipscomb,8,Night Time is the Right Time,E,,
Mance Lipscomb,9,Jack of Diamonds,Vestapol,,
Mance Lipscomb,1,So Different Blues,C,,
Mance Lipscomb,2,Take Me Back,C,,
Mance Lipscomb,3,Going Down Slow,A (Dropped D),,
Mance Lipscomb,4,Keep On Trucking,C,,
Mance Lipscomb,5,Alcohol Blues,G,,
Mance Lipscomb,6,Angel Child,A (Dropped D),,
Mance Lipscomb,7,Silver City,C,,
Mance Lipscomb,8,Night Time Is The Right Time,E,,
Mance Lipscomb,9,Key To The Highway,E,,
Mance Lipscomb,10,You Got To See Your Mama Every Night,F,,
Mance Lipscomb,11,Mama Don't Allow,C,,
Mance Lipscomb,12,Long Way To Tipperary,C,,
Mance Lipscomb,13,"Baby, You Don't Have To Go",E,,
Mance Lipscomb,14,When The Saints Go Marching In,Vestapol,,
Mance Lipscomb,15,Motherless Children,Vestapol,,
Mance Lipscomb,16,I Want To Do Something For You,G,,
Leadbelly,01,Packin' Trunk,"Spanish, Ab",Ab,Semitones Below E: n/a
Leadbelly,02,"Becky Deem, She Was A Gamblin' Girl",E,Bb,Semitones Below E: 6
Leadbelly,03,"Honey, I'm All Out And Down",D,Ab,Semitones Below E: 6
Leadbelly,04,Four Day Worry Blues,D,Ab,Semitones Below E: 6
Leadbelly,05,Roberta Part I,F,B,Semitones Below E: 6
Leadbelly,06,Roberta Part II,F,B,Semitones Below E: 6
Leadbelly,07,Death Letter Blues Part I,A,Eb,Semitones Below E: 6
Leadbelly,08,Death Letter Blues Part II,A,Eb,Semitones Below E: 6
Leadbelly,09,Kansas City Papa,E,Bb,Semitones Below E: 6
Leadbelly,10,Fort Worth And Dallas Blues,G,D,Semitones Below E: 5
Leadbelly,11,You Don't Know My Mind,G,D,Semitones Below E: 5
Leadbelly,12,Ox Drivin' Blues,A(7),Eb,Semitones Below E: 6
Leadbelly,13,Daddy I'm Coming Back To You,C,G,Semitones Below E: 5
Leadbelly,14,Shorty George,C,Ab,Semitones Below E: 4
Leadbelly,15,Yellow Jacket,A,F,Semitones Below E: 4
Leadbelly,16,T.B. Woman Blues,A,Gb,Semitones Below E: 3
Leadbelly,17,Pig Meat Papa,F,Db,Semitones Below E: 4
Leadbelly,18,My Baby Quit Me,A,F,Semitones Below E: 4
Papa Charlie Jackson,1,Papa's Lawdy Lawdy Blues,E,E,
Papa Charlie Jackson,2,Airy Man Blues,D,D,
Papa Charlie Jackson,3,Salt Lake City Blues (Take 2),A,A,
Papa Charlie Jackson,4,Salty Dog Blues (Take 2),G,G,
Papa Charlie Jackson,5,The Cat's Got the Measles,C,C,
Papa Charlie Jackson,6,"I Got What It Takes, But It Breaks My Heart To Give It Away",G,F#,
Papa Charlie Jackson,7,Shave 'em Dry (Take 2),E,E,
Papa Charlie Jackson,8,Coffee Pot Blues,E,E,
Papa Charlie Jackson,9,"Mister Man, Part I (Take 2) (w/Ida Cox)",G,F#,
Papa Charlie Jackson,10,"Mister Man, Part II (w/Ida Cox)",G,F#,
Papa Charlie Jackson,11,Shake That Thing (Take 2),D,D,
Papa Charlie Jackson,12,The Faking Blues (Take 2),E,E,
Papa Charlie Jackson,13,I'm Alabama Bound (unidentified 2nd banjo),G,A flat,
Papa Charlie Jackson,14,Drop that Sack (unidentified 2nd banjo),A,A flat,
Papa Charlie Jackson,15,Hot Papa Blues (Take 2),A,A,
Papa Charlie Jackson,16,Take Me Back Blues,D,D,
Papa Charlie Jackson,17,Mama Don't Allow It,G,F# s,
Papa Charlie Jackson,18,"Mama, Don't You Think I Know (Take 2)",C,C,
Papa Charlie Jackson,19,"How Long, Daddy, How Long (w/Ida Cox)",C,"Bflat (Ida Cox, Bflat s)",
Papa Charlie Jackson,20,Maxwell Street Blues,E,E,
Papa Charlie Jackson,21,All I Want Is A Spoonful,C,C s,
Papa Charlie Jackson,22,I'm Going Where The Chilly Winds Don't Blow (Take 2),G,G,
Papa Charlie Jackson,23,"Texas Blues (Take 1), (high-strung guitar)",E,D,
Papa Charlie Jackson,24,"Texas Blues (Take 2), as above",E,D,
Papa Charlie Jackson,25,I'm Tired Of Fooling Around with You,A,A f,
Papa Charlie Jackson,26,Jackson's Blues (guitar),A,G,
Papa Charlie Jackson,27,Let's Get Along,D,D,
Papa Charlie Jackson,28,Mumsy Mumsy Blues,E,E,
Papa Charlie Jackson,29,Butter and Egg Man Blues,G,G,
Papa Charlie Jackson,30,The Judge Cliff Davis Blues,G,F#,
Papa Charlie Jackson,31,Up the Way Bound (Take 1) (guitar),D,D,
Papa Charlie Jackson,32,Up the Way Bound (Take 2) as above,D,B,
Papa Charlie Jackson,33,Four Eleven Fourty-Four,B flat,A,
Papa Charlie Jackson,34,Your Baby Ain't Sweet Like Mine,C,Concert B flat s,
Papa Charlie Jackson,35,Bad Luck Woman Blues,C,B flat,
Papa Charlie Jackson,36,Salty Dog (Take 2),G,G,
Papa Charlie Jackson,37,Gay Cattin',D,C# f,
Papa Charlie Jackson,38,Fat Mouth Blues,G,G,
Papa Charlie Jackson,39,She Belongs to Me Blues,F,F,
Papa Charlie Jackson,40,Coal Man Blues (unidentified 2nd banjo),G,G,
Papa Charlie Jackson,41,Skoodle Um Skoo,B flat,B f,
Papa Charlie Jackson,42,Sheik of Displaines Street,G,A flat,
Papa Charlie Jackson,43,"Look Out Papa, Don't Tear Your Pants",A minor/C,A minor/C,
Papa Charlie Jackson,44,"Baby, Don't You Be So Mean",E,E,
Papa Charlie Jackson,45,Bright Eyes,C,B s,
Papa Charlie Jackson,46,Blue Monday Morning Blues,C,B s,
Papa Charlie Jackson,47,"Long Gone, Lost John",C,C# f,
Papa Charlie Jackson,48,I'm Looking for A Woman Who Knows How To Treat Me Right,C,C# f,
Papa Charlie Jackson,49,Ash Tray Blues,E flat,E flat f,
Papa Charlie Jackson,50,No Need of Knockin' On The Blind,G,A flat f,
Papa Charlie Jackson,51,I Like to Love My Baby,G,G s,
Papa Charlie Jackson,52,"Baby, Papa Needs His Lovin'",E,Halfway between E and F,
Papa Charlie Jackson,53,"Lexington, Kentucky Blues",D,E flat f,
Papa Charlie Jackson,54,Good Doing Papa Blues,E,F,
Papa Charlie Jackson,55,Ma and Pa Poorhouse Blues (w/Ma Rainey),F,F f,
Papa Charlie Jackson,56,Big Feeling Blues (w/Ma Rainey),F,F f,
Papa Charlie Jackson,57,Jungle Man Blues,A,A f,
Papa Charlie Jackson,58,Corn Liquor Blues,F,E s,
Papa Charlie Jackson,59,Don't Break Down On Me,D,D,
Papa Charlie Jackson,60,"Baby, Please Loan Me Your Heart",B flat,B flat,
Papa Charlie Jackson,61,"Dentist Chair Blues, Part I (guitar, w/Hattie McDaniels & pianist)",E,E flat s,
Papa Charlie Jackson,62,"Dentist Chair Blues, Part II",E,E flat s,
Papa Charlie Jackson,63,"Hot Papa Blues, no.2 (guitar)",A,A flat s,
Papa Charlie Jackson,64,We Can't Buy It No More (guitar),D,C# s,
Papa Charlie Jackson,65,Tailor Made Lover,A,F# f,
Papa Charlie Jackson,66,"Take Me Back Blues, no. 2 (guitar)",D,B f,
Papa Charlie Jackson,67,"Taint What You Do, But How You Do It",E,E flat,
Papa Charlie Jackson,68,Forgotten Blues,A,A flat,
Papa Charlie Jackson,69,Papa Do Do Blues,C,C#,
Papa Charlie Jackson,70,"I'll Be Gone, Babe",G,A flat,
Papa Charlie Jackson,71,"Papa Charlie and Blind Blake Talk About It, Part I",C,C,
Papa Charlie Jackson,72,"Papa Charlie and Blind Blake Talk About It, Part II",C,C,
Papa Charlie Jackson,73,You Got that Wrong (guitar),G,G,
Papa Charlie Jackson,74,Self Experience (guitar),G,G f,
Papa Charlie Jackson,75,Skoodle Um Skoo,B flat,A s,
Papa Charlie Jackson,76,If I Got What You Want,C,B f,
Papa Charlie Jackson,77,What's That Thing She's Shaking,G,G,
Papa Charlie Jackson,78,"You Put It In, I'll Take It Out",C,C,
Peg Leg Howell,1.,Coal Man Blues,Spanish tuning,C,Session Date: 11/8/26; Personnel: solo
Peg Leg Howell,2.,Tishimingo Blues,Spanish tuning,D flat,Session Date: 11/8/26; Personnel: solo
Peg Leg Howell,3.,New Prison Blues,EAEGBE tuning,G+,Session Date: 11/8/26; Personnel: solo
Peg Leg Howell,4.,Fo' Day Blues,"A position, standard",C+,Session Date: 11/8/26; Personnel: solo
Peg Leg Howell,5.,New Jelly Roll Blues,"Howell, Spanish, Williams, C standard",B,"Session Date: 4/8/27; Personnel: Howell and Henry Williams, guitar, Eddie Anthony, fiddle"
Peg Leg Howell,6.,Beaver Slide Rag,As on New Jelly Roll,B,Session Date: 4/8/27; Personnel: As on New Jelly Roll
Peg Leg Howell,7.,Papa Stobb Blues,"Howell, Spanish, Williams, C standard",B flat+,Session Date: 4/8/27; Personnel: As on New Jelly Roll
Peg Leg Howell,8.,Sadie Lee Blues,"F, standard",E,Session Date: 4/8/27; Personnel: solo
Peg Leg Howell,9.,Too Tight Blues,"Howell, Spanish, Williams, C standard",C,Session Date: 11/1/27; Personnel: As on New Jelly Roll
Peg Leg Howell,10.,Moanin' and Groanin' Blues,as on Too Tight,C,Session Date: 11/1/27; Personnel: As on Too Tight Blues
Peg Leg Howell,11.,Hobo Blues,as on Too Tight,C,Session Date: 11/1/27; Personnel: As on Too Tight Blues
Peg Leg Howell,12.,Peg Leg Stomp,as on Too Tight,C,Session Date: 11/1/27; Personnel: As on Too Tight Blues
Peg Leg Howell,13.,Doin' Wrong,"G, standard",A-,Session Date: 11/9/27; Personnel: solo
Peg Leg Howell,14.,Skin Game Blues,"Vestapol, slide",F#-,Session Date: 11/9/27; Personnel: solo
Peg Leg Howell,15.,Please Ma'am,"Vestapol, slide",A flat,Session Date: 4/20/28; Personnel: solo
Peg Leg Howell,16.,Rock and Gravel Blues,"Vestapol, slide",A flat,Session Date: 4/20/28; Personnel: solo
Peg Leg Howell,17.,Low-Down Rounder Blues,C tuning,E,Session Date: 4/20/28; Personnel: solo
Peg Leg Howell,18.,Fairy Blues,C tuning,E,Session Date: 4/20/28; Personnel: solo
Peg Leg Howell,19.,Banjo Blues,"C, standard",B +,"Session Date: 10/27/28; Personnel: Howell, guitar, Anthony, fiddle"
Peg Leg Howell,20.,Turkey Buzzard Blues,As on Banjo Blues,B +,Session Date: 10/30/28; Personnel: As on Banjo Blues
Peg Leg Howell,21.,Turtle Dove Blues,"F, standard",F,Session Date: 10/30/28; Personnel: solo
Peg Leg Howell,22.,Walkin' Blues,Spanish,A -,Session Date: 10/30/28; Personnel: solo
Peg Leg Howell,23.,Broke and Hungry Blues,Spanish,D flat -,"Session Date: 4/10/29; Personnel: Howell, guitar, Ollie Griffin(?), fiddle"
Peg Leg Howell,24.,Rolling Mill Blues,As on Broke and Hungry,D flat -,Session Date: 4/10/29; Personnel: As on Broke and Hungry
Peg Leg Howell,25.,Ball and Chain Blues,Spanish,D,"Session Date: 4/13/29; Personnel: Howell, guitar, Jim Hill, mandolin"
Peg Leg Howell,26.,Monkey Man Blues,"Vestapol, slide",A,Session Date: 4/13/29; Personnel: As on Ball and Chain
Peg Leg Howell,27.,Chittlin' Supper,"G, standard",A,Session Date: 4/13/29; Personnel: As on Ball and Chain
Peg Leg Howell,28.,Away From Home,"D, standard",E -,Session Date: 4/13/29; Personnel: As on Ball and Chain
Peg Leg Howell,1.,Blood Red River,"E minor, standard tuning",E flat,
Peg Leg Howell,2.,John Henry,"Vestapol, slide",D +,
Peg Leg Howell,3.,Uncle Sam Blues,"C, standard tuning",B,
Peg Leg Howell,4.,Jack Rabbit Blues,"G, standard tuning",F#,
Peg Leg Howell,5.,Worried Blues,"G, standard tuning",F#,
Peg Leg Howell,6.,Jelly Roll Blues,Spanish tuning,A flat -,
Peg Leg Howell,7.,Jo Jo Blues,"E, standard tuning",E flat,
Peg Leg Howell,8.,Skin Game Blues,"Vestapol, slide",E flat -,
Peg Leg Howell,9.,Coal Man Blues,Spanish,G +,
Peg Leg Howell,10.,Let Me Play With Your Yo Yo,"G, standard",F#,
Robert Petway,1,Catfish,E,G#,
Robert Petway,2,Ride 'Em On Down,D,F#,
Robert Petway,3,Rockin' Chair,G,B,
Robert Petway,4,My Little Girl,G,A,
Robert Petway,5,Let Me Be Your Boss,G,A,
Robert Petway,6,Left My Baby Crying,G,A,
Robert Petway,7,Sleepy Woman Blues,G,A,
Robert Petway,8,Don't Go Down Baby,G,A,
Robert Petway,9,Bertha Lee,G,C,
Robert Petway,10,Hollow Log,G,C,
Robert Petway,11,In The Evening,G,C,
Robert Petway,12,My Baby Left Me,G,B,
Robert Petway,13,Cotton Picking Blues,G,B,
Tommy McClennan,1,You Can Mistreat Me Here,C standard,,Date Recorded: 11/22/39
Tommy McClennan,2,New 'Shake 'Em On Down',D standard,,"Date Recorded: """
Tommy McClennan,3,Bottle It Up And Go,C standard,,"Date Recorded: """
Tommy McClennan,4,Whiskey Head Woman,G standard,,"Date Recorded: """
Tommy McClennan,5,Brown Skin Girl,D standard,,"Date Recorded: """
Tommy McClennan,6,Cotton Patch Blues,G standard,,"Date Recorded: """
Tommy McClennan,7,"Baby, Don't You Want To Go",C standard,,Date Recorded: 5/10/40
Tommy McClennan,8,"Baby, Please Don't Tell On Me",E standard,,"Date Recorded: """
Tommy McClennan,9,I'm Going Don't You Know,"C standard, at D",,"Date Recorded: """
Tommy McClennan,10,New Highway 51,"G standard, at A",,"Date Recorded: """
Tommy McClennan,11,She's Just Good Huggin' Size,"G standard, at A",,"Date Recorded: """
Tommy McClennan,12,My Little Girl,"D standard, at E",,"Date Recorded: """
Tommy McClennan,13,My Baby's Gone,"G standard, at A",,"Date Recorded: """
Tommy McClennan,14,It's Hard To Be Lonesome,"G standard, at A",,"Date Recorded: """
Tommy McClennan,15,My Baby's Doggin' Me,"C standard, at D",,"Date Recorded: """
Tommy McClennan,16,She's A Good Looking Mama,"G standard, at A",,"Date Recorded: """
Tommy McClennan,17,Whiskey Head Man,G standard,,Date Recorded: 12/12/40
Tommy McClennan,18,New Sugar Mama,C standard,,"Date Recorded: """
Tommy McClennan,19,Down To Skin And Bones Blues,D standard,,"Date Recorded: """
Tommy McClennan,20,Katy Mae Blues,G standard,,"Date Recorded: """
Tommy McClennan,21,Love With A Feeling,C standard,,"Date Recorded: """
Tommy McClennan,22,Drop Down Mama,G standard,,"Date Recorded: """
Tommy McClennan,23,Black Minnie,G standard,,"Date Recorded: """
Tommy McClennan,24,Elsie Blues,D standard,,"Date Recorded: """
Tommy McClennan,25,Des'e My Blues,G standard,,Date Recorded: 9/15/41
Tommy McClennan,26,Cross Cut Saw Blues (Take 1),G standard,,"Date Recorded: """
Tommy McClennan,27,Cross Cut Saw Blues (Take 2),G standard,,"Date Recorded: """
Tommy McClennan,28,Classy Mae Blues,G standard,,"Date Recorded: """
Tommy McClennan,29,You Can't Read My Mind,G standard,,"Date Recorded: """
Tommy McClennan,30,Travelin' Highway Man,G standard,,"Date Recorded: """
Tommy McClennan,31,Deep Blue Sea Blues,E standard,,"Date Recorded: """
Tommy McClennan,32,I'm A Guitar King,D standard,,"Date Recorded: """
Tommy McClennan,33,It's A Crying Pity,D standard,,"Date Recorded: """
Tommy McClennan,34,Mozelle Blues,"G standard, at B",,Date Recorded: 2/20/42
Tommy McClennan,35,Blues Trip Me This Morning,"D standard, at G",,"Date Recorded: """
Tommy McClennan,36,Mr. So And So Blues,"D standard, at G",,"Date Recorded: """
Tommy McClennan,37,"Roll Me, Baby","G standard, at B",,"Date Recorded: """
Tommy McClennan,38,I Love My Baby,"G standard, at B",,"Date Recorded: """
Tommy McClennan,39,Shake It Up And Go,"C standard, at E",,"Date Recorded: """
Tommy McClennan,40,Blue As I Can Be,"C standard, at E",,"Date Recorded: """
Tommy McClennan,41,Bluebird Blues,"G standard, at B",,"Date Recorded: """
Tommy McClennan,42,Bluebird Blues (Take 2),"G standard, at B",,"Date Recorded: """
George Mitchell Collection,1-01,Lucy Mae Blues,G,A-,
George Mitchell Collection,1-02,I Woke Up Crying,G,G#,
George Mitchell Collection,1-03,Love Blues,E,D,
George Mitchell Collection,1-04,I Told You Not to Do That,G,A,
George Mitchell Collection,1-05,In the Evening,E,D+,
George Mitchell Collection,1-06,Hey Lawdy Mama,E,C#+,
George Mitchell Collection,1-07,Thousand Woman Blues,A,G,
George Mitchell Collection,1-08,Blue Shadow Falling,E,C#+,
George Mitchell Collection,1-09,Cold Rainy Day,E,C#+,
George Mitchell Collection,1-10,Amy,A,F#+,
George Mitchell Collection,1-11,Motherless Child,Vestapol,C#-,
George Mitchell Collection,1-12,Somebody is Calling My Name,Vestapol,C#-,
George Mitchell Collection,1-13,What God Can Do,Standard,E,
George Mitchell Collection,1-14,He'll Understand and Say Well Done,Vestapol,Eflat+,
George Mitchell Collection,1-15,Big Road Blues,Dropped-D,C#+,
George Mitchell Collection,1-16,Cool Water Blues,E,Eflat+,
George Mitchell Collection,1-17,Big Fat Mama Blues,A,Aflat+,
George Mitchell Collection,1-18,Take A Little Walk With Me,E,Eflat+,
George Mitchell Collection,1-19,Everyone Got A Woman,Spanish,Bflat,
George Mitchell Collection,1-20,What She Need with A Rooster,Spanish,Bflat,
George Mitchell Collection,1-21,Sink or Swim,Spanish,Bflat,
George Mitchell Collection,1-22,Prison Bound,Spanish,Bflat,
George Mitchell Collection,1-23,Who's Gonna Be Your Man,Vestapol slide,G+,
George Mitchell Collection,1-24,"If I Lose, Let Me Lose",Vestapol,G+,
George Mitchell Collection,1-25,Black Woman,Vestapol,C#+,
George Mitchell Collection,1-26,Bumble Bee,Vestapol,C#+,
George Mitchell Collection,2-01,Rabbit On A Log,Vestapol,D+,
George Mitchell Collection,2-02,Raise a Ruckus Tonight,Vestapol,D+,
George Mitchell Collection,2-03,My Three Women,Spanish,F#,
George Mitchell Collection,2-04,Red Cross Store,Vestapol,D+,
George Mitchell Collection,2-05,Rats in the Kitchen,A,B+,
George Mitchell Collection,2-06,Special Agent,A,B+,
George Mitchell Collection,2-07,Trying To See,G,A+,
George Mitchell Collection,2-08,Mail Man Blues,G,A+,
George Mitchell Collection,2-09,Down Home Blues,Dropped-D,E,
George Mitchell Collection,2-10,Catfish Blues,E,D+,
George Mitchell Collection,2-11,Black Mattie,E,F-,
George Mitchell Collection,2-12,Sun Don't Shine,A,Bflat+,
George Mitchell Collection,2-13,Trouble Brought Me Down,Vestapol slide,D-,
George Mitchell Collection,2-14,My Lord,Vestapol slide,D-,
George Mitchell Collection,2-15,Mother Is Dead,Vestapol slide,C#+,
George Mitchell Collection,2-16,Lay My Burden Down,Vestapol slide,C#+,
George Mitchell Collection,2-17,Your Close Friend,Vestapol slide,C#+,
George Mitchell Collection,2-18,I'm Going to Leave it in the Hands of the Lord,Vestapol slide,C#+,
George Mitchell Collection,2-19,Hard Time Blues,Vestapol,B+,
George Mitchell Collection,2-20,Just Want to Talk With You,A,F-,
George Mitchell Collection,2-21,Just I Dream I got on my Mind,A,A,
George Mitchell Collection,2-22,Memphis is a Wonderful City,A,Bflat,
George Mitchell Collection,2-23,Down to Arkansas,A,Bflat,
George Mitchell Collection,2-24,Rock Me Mama,E,F+,
George Mitchell Collection,2-25,Freight Train Blues,A,G#,
George Mitchell Collection,2-26,So Sweet,A,G+,
George Mitchell Collection,2-27,Bud Grant's Grunt,E,F+,
George Mitchell Collection,3-01,Go Ahead On,E,F+,
George Mitchell Collection,3-02,You've Been Gone So Long,E,F+,
George Mitchell Collection,3-03,White Horses,Cross-note,Eflat+,
George Mitchell Collection,3-04,When I'm Sober I'm Drunk Blues,G,F#-,
George Mitchell Collection,3-05,Mean Mistreater,E,Eflat-,
George Mitchell Collection,3-06,Blues Around My Bed,E,C#,
George Mitchell Collection,3-07,Looking For My Woman,A,E+,
George Mitchell Collection,3-08,Old Red #2,Vestapol slide,D+,
George Mitchell Collection,3-09,Jack of Diamonds,Spanish,F+,
George Mitchell Collection,3-10,Them Greasy Greens,A,G+,
George Mitchell Collection,3-11,Rocking Chair,E,Eflat+,
George Mitchell Collection,3-12,Old Breakdown,E,C#+,
George Mitchell Collection,3-13,Drop Down Mama # 1,Spanish,G#+,
George Mitchell Collection,3-14,Search Me Lord *,(a capella),Aflat+,
George Mitchell Collection,3-15,My Mother Died and Left Me,(a capella),E,
George Mitchell Collection,3-16,Consolation,(a capella),E+,
George Mitchell Collection,3-17,Home Going,(a capella),G-,
George Mitchell Collection,3-18,Better Than Myself,G,Aflat+,
George Mitchell Collection,3-19,Steady Rollin' Man,G,Aflat+,
George Mitchell Collection,3-20,"Drink, Drink, Drink *",Cross harp,E,
George Mitchell Collection,3-21,Country Blues,C,B+,
George Mitchell Collection,3-22,River Blues,E,Eflat-,
George Mitchell Collection,3-23,3 O'Clock in the Morning,"Cross harp, Vestapol slide",F-,
George Mitchell Collection,3-24,I's Be Troubled,"Cross harp, Vestapol slide",F-,
George Mitchell Collection,4-01,Someday Baby,Cross harp,E,
George Mitchell Collection,4-02,Racehorse Charleston,Cross harp,E,
George Mitchell Collection,4-03,Done Lost My Health,Cross harp,E,
George Mitchell Collection,4-04,Drive Your Car,"E (gtr), cross harp",E,
George Mitchell Collection,4-05,Woke Up This Morning,"Spanish, slide",Bflat,
George Mitchell Collection,4-06,Long Wavy Hair,Vestapol slide,E,
George Mitchell Collection,4-07,Please Come Home,A,G#-,
George Mitchell Collection,4-08,Pole Pattin',G,G#-,
George Mitchell Collection,4-09,I Wanna Ramble,Vestapol,E,
George Mitchell Collection,4-10,Sitting Here Looking 1000 Miles Away,Vestapol,E-,
George Mitchell Collection,4-11,Just Like a Bird Without A Feather,E,C+,
George Mitchell Collection,4-12,Skinny Woman,Spanish,G+,
George Mitchell Collection,4-13,Goin' Down South,E,C#,
George Mitchell Collection,4-14,Poor Black Mattie,Spanish,F#,
George Mitchell Collection,4-15,Hold My Body Down,Vestapol slide,D-,
George Mitchell Collection,4-16,Trying to Make It Home,Vestapol slide,D,
George Mitchell Collection,4-17,Precious Lord,Vestapol slide,D,
George Mitchell Collection,4-18,He'll Make a Way,Vestapol,D,
George Mitchell Collection,4-19,Sugar Mama,Cross harp,E,
George Mitchell Collection,4-20,Black Gal,Cross harp,E,
George Mitchell Collection,4-21,Sloppy Drunk,Cross harp,E,
George Mitchell Collection,4-22,Decoration Day,Cross harp,E,
George Mitchell Collection,4-23,Shake 'Em On Down,"Vestapol slide, cross harp",E-,
George Mitchell Collection,4-24,Mama Says I'm Crazy,"Vestapol slide, cross harp",E-,
George Mitchell Collection,5-01,That Ain't It,E,E-,
George Mitchell Collection,5-02,Gonna Lose Your Mind,E,E-,
George Mitchell Collection,5-03,Flat Foot Boogie,E,Eflat,
George Mitchell Collection,5-04,Mama Can I Lay It Down,E,Eflat+,
George Mitchell Collection,5-05,How Can You Do It,A,Aflat+,
George Mitchell Collection,5-06,John Henry,Vestapol slide,D-,
George Mitchell Collection,5-07,Goin' Up to the Country #1,Vestapol,E,
George Mitchell Collection,5-08,Goin' Up to the Country #2,Vestapol,E,
George Mitchell Collection,5-09,Dirty Dozens,E,E-,
George Mitchell Collection,5-10,Won't You Send Me John,C,B+,
George Mitchell Collection,5-11,Wine Headed Man,E,E-,
George Mitchell Collection,5-12,K. C. Blues *,"G (tnr gtr), cross harp",G-,
George Mitchell Collection,5-13,Every Time I Come Around,n/a,Aflat+,
George Mitchell Collection,5-14,J. W.'s Special,n/a,Bflat/Dflat,
George Mitchell Collection,5-15,Old Hen Cackle,n/a,A,
George Mitchell Collection,5-16,Buck Dance,n/a,n/a,
George Mitchell Collection,5-17,Hey Freddie,n/a,E,
George Mitchell Collection,5-18,Late in the Evening,n/a,E,
George Mitchell Collection,5-19,Punky Tony,n/a,E,
George Mitchell Collection,5-20,Shimmy She Wa,n/a,F#+,
George Mitchell Collection,5-21,You Got to Reap What You Sow,E,E-,
George Mitchell Collection,5-22,Everything's Gonna Be Alright,E,Eflat+,
George Mitchell Collection,5-23,That's the Way the Good Thing Go,E,F#,
George Mitchell Collection,5-24,Georgia Buck,"C position, tuned EflatGCFAD",Bflat,
George Mitchell Collection,5-25,When the Saints Go Marching In,E,C#+,
George Mitchell Collection,5-26,Pork & Beans,EAEGBE tuning,C#,
George Mitchell Collection,5-27,Count the Days I'm Gone,Cross-note,Bflat+,
George Mitchell Collection,5-28,Roll & Tumble,Cross-note,C#+,
George Mitchell Collection,5-29,Bullying Well,Cross-note,E,
George Mitchell Collection,6-01,Good Morning Judge,Vestapol slide,C#+,
George Mitchell Collection,6-02,Furry Lewis' Careless Love,Vestapol slide,C,
George Mitchell Collection,6-03,What Make Grandpa Love Grandma So,Vestapol slide,Eflat-,
George Mitchell Collection,6-04,Have You Ever Seen Peaches,Vestapol slide,C#,
George Mitchell Collection,6-05,Hoboing Into Hollywood,Dropped-D,C#-,
George Mitchell Collection,6-06,Sundown Blues,A,G#-,
George Mitchell Collection,6-07,Rabbit On A Log,Vestapol,B-,
George Mitchell Collection,6-08,You're Gonna Miss Me,Vestapol,F#-,
George Mitchell Collection,6-09,House on the Hill,E,E,
George Mitchell Collection,6-10,I Have to Love Somebody,E,E,
George Mitchell Collection,6-11,Old Country Rock #1,F,G,
George Mitchell Collection,6-12,Instrumental #1,E,G,
George Mitchell Collection,6-13,Who Stole the Lock off the Henhouse Door,E,G,
George Mitchell Collection,6-14,Instrumental #4,E,G,
George Mitchell Collection,6-15,Canned Heat,G,G,
George Mitchell Collection,6-16,Nighthawk Boogie,E,Eflat+,
George Mitchell Collection,6-17,Down by the Woodshed,G,G-,
George Mitchell Collection,6-18,Home Going,(a capella),F#,
George Mitchell Collection,6-19,I Want to be Ready,(a capella),B-,
George Mitchell Collection,6-20,Interview,n/a,n/a,
George Mitchell Collection,7-01,Miss Maybelle,Spanish,F#-,
George Mitchell Collection,7-02,When My Baby Got On Board,Spanish,F#,
George Mitchell Collection,7-03,Them Greasy Greens #1,"F (gtr), unknown (vln)",Eflat,
George Mitchell Collection,7-04,Rock and Roll to Milledgeville,unknown (vln),Eflat,
George Mitchell Collection,7-05,Black Rat Swing,A,A,
George Mitchell Collection,7-06,Tease Me Baby #2,Cross harp,A,
George Mitchell Collection,7-07,Someday Baby #1,Cross harp,A,
George Mitchell Collection,7-08,Wonder Why My Baby Treat Me so Bad,G,G,
George Mitchell Collection,7-09,Rosa Lee,Cross harp,A,
George Mitchell Collection,7-10,I Got A Woman,Vestapol slide,Eflat-,
George Mitchell Collection,7-11,So Sweet,Vestapol,F#+,
George Mitchell Collection,7-12,You're Gonna Miss Me,A,F#+,
George Mitchell Collection,7-13,Mamie,A,F#+,
George Mitchell Collection,7-14,I'm So Lonesome,A,F#+,
George Mitchell Collection,7-15,Blood Red River,Cross-note,Eflat-,
George Mitchell Collection,7-16,Sitting on Top of the World,Vestapol slide,D+,
George Mitchell Collection,7-17,Glory Hallelujah,Vestapol slide,D+,
George Mitchell Collection,7-18,Jesus is Coming Back to Me,F,F,
George Mitchell Collection,7-19,Bound for Zion,Eflat,Eflat,
George Mitchell Collection,7-20,You Told Me Baby,E,E,
George Mitchell Collection,7-21,Sweet as an Apple on a Tree,Cross harp,E,
George Mitchell Collection,7-22,Juke #2,Cross harp,E,
George Mitchell Collection,7-23,Woke Up this Morning,E,E,
George Mitchell Collection,7-24,Tell Me You Love Me,A,A,
Tommy Johnson,1,Canned Heat Blues,Standard,D,
Tommy Johnson,2,Lonesome Home Blues,Standard,E,
